Workbook

Sheet 癌
A1: 姓名 | B1: 年龄 | C1: 病理 | F1: 编号 | G1: 编号2 | H1: sampleID | I1: type
A2: 王阿素 | B2: 64 | C2: 高级别浆液性癌IIIc期 | F2: B51 | G2: P1 | H2: ov1 | I2: =VLOOKUP(A2,训练集亚型!$A$1:$F$1000,4,0) -> a
A3: 徐燕萍 | B3: 71 | C3: 高级别浆液性癌IIIb期 | F3: B2 | G3: P2 | H3: ov2 | I3: =VLOOKUP(A3,训练集亚型!$A$1:$F$1000,4,0) -> a
A4: 周明莉 | B4: 56 | C4: 高级别浆液性癌，复发 | F4: B12 | G4: P3 | H4: ov3 | I4: =VLOOKUP(A4,训练集亚型!$A$1:$F$1000,4,0) -> a
A5: 张东荣 | B5: 49 | C5: 高级别浆液性癌IIIc期 | F5: B3 | G5: P4 | H5: ov4 | I5: =VLOOKUP(A5,训练集亚型!$A$1:$F$1000,4,0) -> a
A6: 韩玉凤 | B6: 66 | C6: 高级别浆液性癌IIIc期 | G6: P7 | H6: ov7 | I6: =VLOOKUP(A6,训练集亚型!$A$1:$F$1000,4,0) -> a
A7: 孔彩香 | B7: 56 | C7: 高级别浆液性癌IIIc期 | F7: B8 | G7: P9 | H7: ov8 | I7: =VLOOKUP(A7,训练集亚型!$A$1:$F$1000,4,0) -> a
A8: 陈菊华 | B8: 50 | C8: 高级别浆液性癌IIIA | F8: B15 | G8: P12 | H8: ov10 | I8: =VLOOKUP(A8,训练集亚型!$A$1:$F$1000,4,0) -> a
A9: 刘民族 | B9: 50 | C9: 低级别合并高级别浆液性癌IIIA1 | F9: B18 | G9: P13 | H9: ov11 | I9: =VLOOKUP(A9,训练集亚型!$A$1:$F$1000,4,0) -> a
A10: 王妙芬 | B10: 61 | C10: 高级别浆液性癌IV期 | F10: B20 | G10: P14 | H10: ov12 | I10: =VLOOKUP(A10,训练集亚型!$A$1:$F$1000,4,0) -> a
A11: 吴明英 | B11: 45 | C11: 卵巢高级别浆液性癌IIIC期，G3 | F11: B55 | G11: P15 | H11: ov13 | I11: =VLOOKUP(A11,训练集亚型!$A$1:$F$1000,4,0) -> a
A12: 曾琴妹 | B12: 47 | C12: 卵巢恶性肿瘤IIb期（高级别浆液性癌）（G3），肠粘连 | F12: B21 | G12: P17 | H12: ov15 | I12: =VLOOKUP(A12,训练集亚型!$A$1:$F$1000,4,0) -> a
A13: 潘珠凤 | B13: 66 | C13: 晚期卵巢浆液性恶性肿瘤（新辅助化疗后），高血压病，胆囊结石，肠粘连 | F13: B45 | G13: P19 | H13: ov17 | I13: =VLOOKUP(A13,训练集亚型!$A$1:$F$1000,4,0) -> a
A14: 俞一莉 | B14: 63 | C14: 双侧卵巢恶性肿瘤（高级别浆液性癌）IIB期，子宫多发性平滑肌瘤，盆腔肿块（纤维脂肪组织），支气管哮喘，真菌性阴道炎（已治愈），中度贫血，尿潴留 | F14: B67 | G14: P20 | H14: ov18 | I14: =VLOOKUP(A14,训练集亚型!$A$1:$F$1000,4,0) -> a
A15: 蓝惠仙 | B15: 42 | C15: 卵巢恶性肿瘤IIIC期（浆液性癌G3），中度贫血，肠粘连，子宫肌瘤，疤痕子宫，肝功能异常（已治愈） | F15: B68 | G15: P21 | H15: ov19 | I15: =VLOOKUP(A15,训练集亚型!$A$1:$F$1000,4,0) -> a
A16: 胡夏娅 | B16: 55 | C16: 卵巢恶性肿瘤（高级别浆液性癌IIIC期）术后复发，肠粘连，轻度贫血，甲状腺癌切除个人史 | F16: B85 | G16: P22 | H16: ov20 | I16: =VLOOKUP(A16,训练集亚型!$A$1:$F$1000,4,0) -> a
A17: 周亚君 | B17: 67 | C17: 卵巢恶性肿瘤（浆液性癌IIIC期），肠粘连，轻度贫血 | F17: B69 | G17: P23 | H17: ov21 | I17: =VLOOKUP(A17,训练集亚型!$A$1:$F$1000,4,0) -> a
A18: 潘微明 | B18: 51 | C18: 双卵巢恶性肿瘤（高级别浆液性癌）IIIC期，子宫多发性平滑肌瘤（其一为宫颈肌瘤），肠粘连，输尿管周围粘连，轻度贫血 | F18: B76 | G18: P24 | H18: ov22 | I18: =VLOOKUP(A18,训练集亚型!$A$1:$F$1000,4,0) -> a
A19: 张珍 | B19: 42 | C19: 卵巢高级别浆液性癌IIIC | G19: P25 | H19: ov23 | I19: =VLOOKUP(A19,训练集亚型!$A$1:$F$1000,4,0) -> a
A20: 吕彩芹 | B20: 69 | C20: 右卵巢恶性肿瘤IIIC期 | G20: P26 | H20: ov24 | I20: =VLOOKUP(A20,训练集亚型!$A$1:$F$1000,4,0) -> a
A21: 周小珍 | B21: 48 | C21: 双卵巢高级别浆液性癌IIIc期，CINIII | G21: P27 | H21: ov25 | I21: =VLOOKUP(A21,训练集亚型!$A$1:$F$1000,4,0) -> a
A22: 严瑶芬 | B22: 60 | C22: 浆液性腺癌IV晚期，远处大量转移，未手术 | F22: B47 | H22: ov30 | I22: =VLOOKUP(A22,训练集亚型!$A$1:$F$1000,4,0) -> a
A23: 张红琴 | B23: 44 | C23: 卵巢恶性肿瘤（卵巢高级别浆液性癌IIIc期）术后 | F23: B26 | H23: ov35 | I23: =VLOOKUP(A23,训练集亚型!$A$1:$F$1000,4,0) -> a
A24: 瞿春红 | B24: 51 | C24: 复发性卵巢恶性肿瘤，卵巢恶性肿瘤（高级别浆液性腺癌IIIc期）术后，乳腺癌术后，轻度贫血 | F24: B29 | H24: ov38 | I24: =VLOOKUP(A24,训练集亚型!$A$1:$F$1000,4,0) -> a
A25: 俞美群 | B25: 63 | C25: 卵巢恶性肿瘤（高级别浆液性癌）IV期，腹壁肿物（纤维组织伴钙化），肠粘连 | F25: B31 | H25: ov40 | I25: =VLOOKUP(A25,训练集亚型!$A$1:$F$1000,4,0) -> a
A26: 沈玲飞 | B26: 54 | C26: 高级别浆液性腺癌Iic期 | F26: B32 | H26: ov41 | I26: =VLOOKUP(A26,训练集亚型!$A$1:$F$1000,4,0) -> a
A27: 董英娣 | B27: 65 | C27: 卵巢恶性肿瘤IIA（高级别浆液性癌）术后化疗，轻度贫血 | F27: B59 | H27: ov44 | I27: =VLOOKUP(A27,训练集亚型!$A$1:$F$1000,4,0) -> a
A28: 任爱珍 | B28: 68 | C28: 双侧卵巢输卵管恶性肿瘤IIIC期（G3）术后化疗 | F28: B63 | H28: ov48 | I28: =VLOOKUP(A28,训练集亚型!$A$1:$F$1000,4,0) -> a
A29: 卓美玲 | B29: 63 | C29: 卵巢恶性肿瘤（右侧卵巢高级别浆液性癌ⅢC期），子宫切除术后状态（次切术后），肝脏多发囊肿 | F29: B64 | H29: ov49 | I29: =VLOOKUP(A29,训练集亚型!$A$1:$F$1000,4,0) -> a
A30: 陈彩娥 | B30: 51 | C30: 复发性卵巢恶性肿瘤，卵巢浆液性腺癌IIIC期术后，肠粘连，药物性肝损害 | F30: B73 | H30: ov54 | I30: =VLOOKUP(A30,训练集亚型!$A$1:$F$1000,4,0) -> a
A31: 周丽丽 | B31: 64 | C31: 双卵巢恶性肿瘤（高级别浆液性癌）IIIC期，子宫腺肌病，肠粘连，输尿管周围粘连，肝功能异常 | F31: B75 | H31: ov56 | I31: =VLOOKUP(A31,训练集亚型!$A$1:$F$1000,4,0) -> a
A32: 马桂贞 | B32: 63 | C32: 左侧卵巢高级别浆液性癌IIIC期（G3），慢性肾盂肾炎，轻度贫血 | F32: B79 | H32: ov58 | I32: =VLOOKUP(A32,训练集亚型!$A$1:$F$1000,4,0) -> a
A33: 李月青 | B33: 65 | C33: 卵巢恶性肿瘤IIIC期（高级别浆液性癌，局部透明细胞癌），高血压，胸腔积液，肠粘连，中度贫血 | F33: B81 | H33: ov60 | I33: =VLOOKUP(A33,训练集亚型!$A$1:$F$1000,4,0) -> a
... A64: 杨增兰 | B64: 60 | C64: 卵巢恶性肿瘤IIIC期（高级别浆液性癌） | F64: B153 | H64: ov114 | I64: =VLOOKUP(A64,训练集亚型!$A$1:$F$1000,4,0) -> a
A65: 姜如香 | B65: 63 | C65: 左输卵管高级别浆液性癌IIIC | G65: P29 | H65: ov27 | I65: =VLOOKUP(A65,训练集亚型!$A$1:$F$1000,4,0) -> b
A66: 王小英 | B66: 51 | C66: 右输卵管高级别浆液性癌IIIC期 | F66: B105 | H66: ov75 | I66: =VLOOKUP(A66,训练集亚型!$A$1:$F$1000,4,0) -> b
A67: 尹招娟 | B67: 71 | C67: 双侧输卵管高级别浆液性癌IIIC期 | F67: B125 | H67: ov86 | I67: =VLOOKUP(A67,训练集亚型!$A$1:$F$1000,4,0) -> b
A68: 单静芳 | B68: 56 | C68: 左侧输卵管恶性肿瘤IIIC期（浆液性G3） | F68: B143 | H68: ov104 | I68: =VLOOKUP(A68,训练集亚型!$A$1:$F$1000,4,0) -> b
A69: 张秋月 | B69: 75 | C69: 左输卵管恶性肿瘤IIIA1（i）期（浆液性癌，G3） | F69: B154 | H69: ov108 | I69: =VLOOKUP(A69,训练集亚型!$A$1:$F$1000,4,0) -> b
A70: 王璐莹 | B70: 14 | C70: 右卵巢混合性生殖细胞肿瘤IC1期（卵黄囊瘤+成熟性畸胎瘤） | F70: B58 | H70: ov28 | I70: =VLOOKUP(A70,训练集亚型!$A$1:$F$1000,4,0) -> c
A71: 董金囡 | B71: 61 | C71: 高级别混合性癌IIIA期，子宫平滑肌瘤，肠粘连，腹壁肿物（增生脂肪组织），中度贫血 | F71: B86 | H71: ov64 | I71: =VLOOKUP(A71,训练集亚型!$A$1:$F$1000,4,0) -> c
A72: 吴荣芳 | B72: 31 | C72: 左卵巢恶性肿瘤IC2期（左卵巢癌肉瘤），肠粘连，左侧输尿管周围粘连，中度贫血 | F72: B92 | H72: ov70 | I72: =VLOOKUP(A72,训练集亚型!$A$1:$F$1000,4,0) -> c
A73: 王美兰 | B73: 41 | C73: 卵巢恶性肿瘤（卵巢低级别浆液性癌IIIc期），子宫腺肌病，子宫多发肌瘤，盆腔包裹性积液，肠粘连，乙肝表面抗原携带者 | F73: B13 | G73: P18 | H73: ov16 | I73: =VLOOKUP(A73,训练集亚型!$A$1:$F$1000,4,0) -> d
A74: 冯蕾 | B74: 40 | C74: 浆液性癌IC | F74: B48 | H74: ov31 | I74: =VLOOKUP(A74,训练集亚型!$A$1:$F$1000,4,0) -> d
A75: 陈莹 | B75: 47 | C75: 右卵巢恶性肿瘤I期（低级别浆液性癌），左卵巢黄体囊肿，左输卵管系膜囊肿，高血压病，肠粘连 | F75: B74 | H75: ov55 | I75: =VLOOKUP(A75,训练集亚型!$A$1:$F$1000,4,0) -> d
A76: 丁长英 | B76: 69 | C76: 卵巢恶性肿瘤（低级别浆液性癌）IIIC期，肠粘连，轻度贫血 | F76: B78 | H76: ov57 | I76: =VLOOKUP(A76,训练集亚型!$A$1:$F$1000,4,0) -> d
A77: 王洁 | B77: 30 | C77: 复发性右侧卵巢未成熟畸胎瘤术后 (M90800/0)，先天性输尿管畸形，左侧重复肾盂 | F77: B61 | H77: ov46 | I77: =VLOOKUP(A77,训练集亚型!$A$1:$F$1000,4,0) -> e
A78: 宋慧芝 | B78: 53 | C78: 左卵巢透明细胞癌IIB | F78: B7 | G78: P11 | H78: ov9 | I78: =VLOOKUP(A78,训练集亚型!$A$1:$F$1000,4,0) -> f
A79: 施淑蕉 | B79: 64 | C79: 卵巢恶性肿瘤Ia期(右卵巢透明细胞癌)，预激综合征(射频消融术后)，肠粘连，肾结石 | F79: B28 | H79: ov37 | I79: =VLOOKUP(A79,训练集亚型!$A$1:$F$1000,4,0) -> f
A80: 陈丹丹 | B80: 32 | C80: 透明细胞癌Ic2 | F80: B57 | H80: ov43 | I80: =VLOOKUP(A80,训练集亚型!$A$1:$F$1000,4,0) -> f
A81: 陈宇华 | B81: 42 | C81: 卵巢恶性肿瘤IC1期（右卵巢透明细胞癌）术后化疗，药物性血小板减少症，药物性粒细胞减少，肝功能异常，肺大泡 | F81: B71 | H81: ov52 | I81: =VLOOKUP(A81,训练集亚型!$A$1:$F$1000,4,0) -> f
A82: 钱金云 | B82: 56 | C82: 左卵巢恶性肿瘤（透明细胞癌，1C2），盆腔肿块（纤维脂肪组织） | F82: B124 | H82: ov85 | I82: =VLOOKUP(A82,训练集亚型!$A$1:$F$1000,4,0) -> f
A83: 章金芳 | B83: 55 | C83: 卵巢癌III A2期（透明细胞癌） | F83: B155 | H83: ov91 | I83: =VLOOKUP(A83,训练集亚型!$A$1:$F$1000,4,0) -> f
A84: 胡黎红 | B84: 51 | C84: 卵巢恶性肿瘤I A期（透明细胞癌） | F84: B140 | H84: ov101 | I84: =VLOOKUP(A84,训练集亚型!$A$1:$F$1000,4,0) -> f
A85: 刘林萍 | B85: 54 | C85: 右侧卵巢恶性肿瘤IC1期（透明细胞癌） | F85: B152 | H85: ov113 | I85: =VLOOKUP(A85,训练集亚型!$A$1:$F$1000,4,0) -> f
A86: 金雨蒙 | B86: 18 | C86: 无性细胞瘤Ia | F86: B5 | G86: P5 | H86: ov5 | I86: =VLOOKUP(A86,训练集亚型!$A$1:$F$1000,4,0) -> g
A87: 吴琴芳 | B87: 63 | C87: 卵巢卵泡膜细胞-颗粒细胞瘤IA期 | F87: B30 | H87: ov39 | I87: =VLOOKUP(A87,训练集亚型!$A$1:$F$1000,4,0) -> h
A88: 黄爱娣 | B88: 57 | C88: 右卵巢颗粒细胞瘤IA期 | F88: B62 | H88: ov47 | I88: =VLOOKUP(A88,训练集亚型!$A$1:$F$1000,4,0) -> h
A89: 袁春梅 | B89: 62 | C89: 左卵巢颗粒细胞瘤IA1期，肠粘连，阴道前壁脱垂III期，阴道后壁脱垂I期，子宫切除术后阴道穹隆脱垂I期，陈旧性会阴裂伤I度，轻度贫血 | F89: B87 | H89: ov65 | I89: =VLOOKUP(A89,训练集亚型!$A$1:$F$1000,4,0) -> h
A90: 毛雨航 | B90: 19 | C90: 右卵巢幼年性颗粒细胞瘤IA期 | F90: B89 | H90: ov67 | I90: =VLOOKUP(A90,训练集亚型!$A$1:$F$1000,4,0) -> h
A91: 董洁 | B91: 25 | C91: 耐药难治性卵巢恶性生殖细胞肿瘤IV期（卵黄囊瘤）（肿瘤未控），乙状结肠造口术后状态，化疗后骨髓抑制 | F91: B25 | H91: ov34 | I91: =VLOOKUP(A91,训练集亚型!$A$1:$F$1000,4,0) -> i
A92: 胡华 | B92: 40 | C92: 卵巢恶性肿瘤复发（子宫内膜样腺癌I级）卵巢恶性肿瘤（卵巢子宫内膜样腺癌IIIB期G1)术后 | G92: P28 | H92: ov26 | I92: =VLOOKUP(A92,训练集亚型!$A$1:$F$1000,4,0) -> j
A93: 严海燕 | B93: 26 | C93: 卵巢恶性肿瘤（子宫内膜样腺癌）ⅠC1期G1术后，中度贫血 | F93: B27 | H93: ov36 | I93: =VLOOKUP(A93,训练集亚型!$A$1:$F$1000,4,0) -> j
A94: 陈晔兰 | B94: 40 | C94: 右卵巢恶性肿瘤(子宫内膜样癌)IC2期（G2级），药物性粒细胞减少，药物性血小板减少症 | F94: B72 | H94: ov53 | I94: =VLOOKUP(A94,训练集亚型!$A$1:$F$1000,4,0) -> j
A95: 傅式君 | B95: 74 | C95: 右侧卵巢恶性肿瘤II B期（子宫内膜样癌，G3） | F95: B127 | H95: ov88 | I95: =VLOOKUP(A95,训练集亚型!$A$1:$F$1000,4,0) -> j
A96: 王爱芳 | B96: 57 | C96: 腹膜恶性肿瘤III C期（高级别浆液性癌） | F96: B129 | H96: ov90 | I96: =VLOOKUP(A96,训练集亚型!$A$1:$F$1000,4,0) -> k
A97: 丁水德 | B97: 69 | C97: 腹膜恶性肿瘤（高级别浆液性癌IIIC期） | F97: B132 | H97: ov93 | I97: =VLOOKUP(A97,训练集亚型!$A$1:$F$1000,4,0) -> k
A98: 褚利英 | B98: 48 | C98: 右卵巢交界性浆液性肿瘤IIIA 胆囊炎 | G98: P6 | H98: ov6 | I98: m
A99: 叶慧 | B99: 50 | C99: 双侧卵巢交界性浆液性肿瘤IIIA1（i）期，宫颈息肉，宫内节育器（已取出），肠粘连，肝功能异常，乙肝表面抗原携带者，轻度贫血，疤痕子宫 | F99: B23 | G99: P16 | H99: ov14 | I99: m
A100: 李莲燕 | B100: 67 | C100: 交界性黏液性癌IC | F100: B42 | H100: ov29 | I100: m
A101: 张倩倩 | B101: 25 | C101: 双侧卵巢交界性浆液性肿瘤IIB期，多囊卵巢综合症 | F101: B121 | H101: ov32 | I101: m
A102: 郎盼盼 | B102: 28 | C102: 右卵巢交界性粘液性囊腺瘤IC1期 | F102: B24 | H102: ov33 | I102: m
A103: 陈冬花 | B103: 50 | C103: 左卵巢交界性黏液性肿瘤IC期 | F103: B34 | H103: ov42 | I103: m
A104: 夏春珍 | B104: 25 | C104: 左卵巢交界性黏液性肿瘤IA期 | F104: B60 | H104: ov45 | I104: m
A105: 姚飞燕 | B105: 37 | C105: 复发性卵巢交界性浆粘液性肿瘤，右侧卵巢子宫内膜异位囊肿，右侧输尿管周围粘连，子宫平滑肌瘤，盆腔肿块（纤维脂肪组织、纤维血管组织），肠粘连，疤痕子宫，轻度贫血 | F105: B66 | H105: ov50 | I105: m
A106: 陈诺 | B106: 15 | C106: 左侧卵巢交界性粘液性囊腺瘤IC1期，肠粘连，右肾积水，中度贫血，上呼吸道感染 | F106: B70 | H106: ov51 | I106: m
A107: 戴瑞娟 | B107: 41 | C107: 右卵巢交界性黏液性囊腺瘤IA期 | F107: B80 | H107: ov59 | I107: m
A108: 洪雅娟 | B108: 32 | C108: 右卵巢交界性粘液性囊腺瘤IA期，左侧输卵管苗勒囊肿，子宫颈息肉，肠粘连，轻度贫血 | F108: B82 | H108: ov61 | I108: m
A109: 朱素仙 | B109: 52 | C109: 左卵巢交界性黏液性囊腺肿瘤Ic期 | F109: B100 | H109: ov72 | I109: m
A110: 黄海帆 | B110: 36 | C110: 右卵巢复发性交界性浆液性肿瘤；双侧卵巢交界性肿瘤术后 | F110: B103 | H110: ov74 | I110: m
A111: 卢爱莲 | B111: 56 | C111: 左卵巢交界性黏液性囊腺肿瘤IA期 | F111: B107 | H111: ov77 | I111: m
... A115: 胡雅文 | B115: 67 | C115: 卵巢恶性肿瘤（黏液性腺癌I A期G2）；盆腔肿物（纤维平滑肌软组织） | F115: B113 | H115: ov83 | I115: n

Sheet 训练集亚型
A1: Sample | B1: age | C1: type | D1: type1
A2: 王阿素 | B2: 64 | C2: 高级别浆液性卵巢癌 | D2: a
A3: 徐燕萍 | B3: 71 | C3: 高级别浆液性卵巢癌 | D3: a
A4: 周明莉 | B4: 56 | C4: 高级别浆液性卵巢癌 | D4: a
A5: 张东荣 | B5: 49 | C5: 高级别浆液性卵巢癌 | D5: a
A6: 韩玉凤 | B6: 66 | C6: 高级别浆液性卵巢癌 | D6: a
A7: 孔彩香 | B7: 56 | C7: 高级别浆液性卵巢癌 | D7: a
A8: 陈菊华 | B8: 50 | C8: 高级别浆液性卵巢癌 | D8: a
A9: 刘民族 | B9: 50 | C9: 高级别浆液性卵巢癌 | D9: a
A10: 王妙芬 | B10: 61 | C10: 高级别浆液性卵巢癌 | D10: a
A11: 吴明英 | B11: 45 | C11: 高级别浆液性卵巢癌 | D11: a
A12: 曾琴妹 | B12: 47 | C12: 高级别浆液性卵巢癌 | D12: a
A13: 俞一莉 | B13: 63 | C13: 高级别浆液性卵巢癌 | D13: a
... A115: 丁水德 | B115: 69 | C115: 腹膜癌 | D115: k

Sheet 囊肿
A1: 组别 | B1: 姓名 | C1: 年龄 | D1: 编号 | E1: 备注 | F1: sampleID
A2: 囊腺瘤 | B2: 刘冰如 | C2: 57 | D2: a95 | F2: cys1
A3: 囊腺瘤 | B3: 刘湘 | C3: 39 | D3: a56 | F3: cys2
A4: 囊腺瘤 | B4: 黄婷婷 | C4: 35 | D4: a54 | F4: cys3
A5: 囊腺瘤 | B5: 王丽芬 | C5: 49 | D5: a32 | F5: cys4
A6: 囊腺瘤 | B6: 林芝英 | C6: 77 | D6: a34 | F6: cys5
A7: 囊腺瘤 | B7: 程卫东 | C7: 50 | D7: a105 | F7: cys6
A8: 囊腺瘤 | B8: 陈瑾 | C8: 40 | D8: a133 | F8: cys7
A9: 囊腺瘤 | B9: 张国华 | C9: 63 | D9: a143 | F9: cys8
A10: 囊腺瘤 | B10: 戴国凤 | C10: 50 | D10: a178 | F10: cys9
A11: 内异 | B11: 李宁 | C11: 40 | D11: a81 | F11: cys10
A12: 内异 | B12: 黄玥 | C12: 33 | D12: a195 | F12: cys11
A13: 内异 | B13: 尹娟娟 | C13: 40 | D13: a79 | F13: cys12
... A37: 内异 | B37: 王文英 | C37: 48 | D37: a31 | F37: cys36
A38: 内异 | B38: 黄玥 | C38: 33 | D38: a33 | E38: 与a195为同病人，此次为术后复发 | F38: cys37
A39: 内异 | B39: 沈建林 | C39: 53 | D39: a37 | F39: cys38
A40: 内异 | B40: 余锟晴 | C40: 24 | D40: a39 | F40: cys39
A41: 内异 | B41: 缪慧波 | C41: 41 | D41: a41 | F41: cys40
A42: 内异 | B42: 冯敏 | C42: 35 | D42: a42 | F42: cys41
A43: 内异 | B43: 王雁 | C43: 52 | D43: a20 | F43: cys42
A44: 内异 | B44: 沈玉萍 | C44: 41 | D44: a121 | F44: cys43
A45: 内异 | B45: 余意平 | C45: 44 | D45: a122 | F45: cys44
A46: 内异 | B46: 杨燕飞 | C46: 40 | D46: a127 | F46: cys45
A47: 内异 | B47: 傅瑶平 | C47: 35 | D47: a128 | F47: cys46
A48: 内异 | B48: 金萍 | C48: 20 | D48: a129 | F48: cys47
A49: 内异 | B49: 马路 | C49: 33 | D49: a69 | F49: cys48
A50: 内异 | B50: 谢华 | C50: 46 | D50: a78 | F50: cys49
... A57: 内异 | B57: 卢素梅 | C57: 46 | D57: a125 | F57: cys56
A58: 内异 | B58: 赵洁 | C58: 36 | D58: a97 | E58: 原a97还没换 | F58: cys57
A59: 内异 | B59: 商洪柳 | C59: 30 | D59: a193 | F59: cys58
A60: 内异 | B60: 吴春岚 | C60: 21 | D60: a1 | F60: cys59
A61: 内异 | B61: 侯明应 | C61: 36 | D61: a104 | F61: cys60
A62: 内异 | B62: 车渝妙 | C62: 47 | D62: a112 | F62: cys61
A63: 内异 | B63: 潘之嫣 | C63: 26 | D63: a132 | F63: cys62
A64: 内异 | B64: 吴兰聪 | C64: 27 | D64: a134 | F64: cys63
A65: 内异 | B65: 杜侃宁 | C65: 23 | D65: a135 | F65: cys64
A66: 内异 | B66: 马燕芬 | C66: 32 | D66: a137 | F66: cys65
A67: 内异 | B67: 林滨滨 | C67: 27 | D67: a138 | F67: cys66
A68: 内异 | B68: 卢双双 | C68: 33 | D68: a141 | F68: cys67
A69: 内异 | B69: 毛世艳 | C69: 37 | D69: a142 | F69: cys68
A70: 内异 | B70: 高红雲 | C70: 47 | D70: a145 | F70: cys69
... A88: 内异 | B88: 许春霞 | C88: 45 | D88: a14 | F88: cys87
A89: 内异 | B89: 高俊瑶 | C89: 20 | D89: a158 | E89: 陈舒宜考虑内异 | F89: cys88
A90: 内异 | B90: 郑良娟 | C90: 47 | D90: a107 | E90: 陈舒宜考虑内异 | F90: cys89
A91: 内异 | B91: 王静 | C91: 20 | D91: a118 | F91: cys90
A92: 内异 | B92: 江慧莲 | C92: 37 | D92: a5 | F92: cys91
A93: 内异 | B93: 宋云鹤 | C93: 32 | D93: a7 | F93: cys92
A94: 内异 | B94: 毛晓君 | C94: 30 | D94: a93 | F94: cys93
A95: 内异 | B95: 林云 | C95: 33 | D95: a60 | F95: cys94
A96: 内异 | B96: 吴春华 | C96: 43 | D96: a177 | F96: cys95
A97: 畸胎瘤 | B97: 毛梦莹 | C97: 34 | D97: a62 | F97: cys96
A98: 畸胎瘤 | B98: 林倩 | C98: 30 | D98: a66 | F98: cys97
A99: 畸胎瘤 | B99: 吴美华 | C99: 43 | D99: a126 | F99: cys98
A100: 畸胎瘤 | B100: 翁幔利 | C100: 28 | D100: a123 | F100: cys99
A101: 畸胎瘤 | B101: 孟莉娜 | C101: 27 | D101: a12 | F101: cys100
A102: 畸胎瘤 | B102: 何彦 | C102: 23 | D102: a43 | F102: cys101
... A131: 单纯性囊肿 | B131: 王赖秀 | C131: 36 | D131: a6 | F131: cys130

Sheet 健康
A1: 旧编号 | B1: 住院号 | C1: 姓名 | D1: 性别 | E1: 年龄 | F1: 乙肝 | G1: afp | H1: ast（15-40） | I1: alt（7-50） | J1: 新编号 | L1: sampleID
A2: 2 | B2: 20325286 | C2: 吴红 | D2: 女 | E2: 43 | F2: 未查 | G2: 3.3 | H2: 13 | I2: 22 | J2: c1 | L2: ctrl1
A3: 4 | B3: 20374776 | C3: 汤美伟 | D3: 女 | E3: 27 | F3: 未查 | G3: 2.9 | H3: 20 | I3: 11 | J3: c2 | L3: ctrl2
A4: 6 | B4: 20375385 | C4: 钟燕楠 | D4: 女 | E4: 22 | F4: 未查 | H4: 12 | I4: 7 | J4: c3 | L4: ctrl3
A5: 7 | B5: 20325220 | C5: 武茜 | D5: 女 | E5: 42 | F5: 未查 | G5: 2 | H5: 17 | I5: 15 | J5: c4 | L5: ctrl4
A6: 8 | B6: 20374716 | C6: 高洁华 | D6: 女 | E6: 35 | F6: 未查 | H6: 20 | I6: 32 | J6: c5 | L6: ctrl5
A7: 10 | B7: 20374647 | C7: 蔡俏英 | D7: 女 | E7: 34 | F7: 未查 | H7: 23 | I7: 14 | J7: c6 | L7: ctrl6
A8: 12 | B8: 20374670 | C8: 胡珏 | D8: 女 | E8: 40 | F8: 未查 | H8: 16 | I8: 9 | J8: c7 | L8: ctrl7
A9: 14 | B9: 20374937 | C9: 陆羽婕 | D9: 女 | E9: 27 | F9: 未查 | H9: 17 | I9: 10 | J9: c8 | L9: ctrl8
A10: 16 | B10: 20360372 | C10: 吴凡 | D10: 女 | E10: 29 | F10: 未查 | G10: 1.8 | H10: 15 | I10: 9 | J10: c9 | L10: ctrl9
A11: 17 | B11: 20375250 | C11: 陈梦瑶 | D11: 女 | E11: 23 | F11: 未查 | G11: 2.5 | H11: 13 | I11: 7 | J11: c10 | L11: ctrl10
A12: 19 | B12: 20375034 | C12: 莫嘉 | D12: 女 | E12: 25 | F12: 未查 | G12: 0.7 | H12: 22 | I12: 45 | J12: c11 | L12: ctrl11
A13: 22 | B13: 20365155 | C13: 陈正洋 | D13: 女 | E13: 31 | F13: 未查 | G13: 1.2 | H13: 13 | I13: 18 | J13: c12 | L13: ctrl12
A14: 23 | B14: 20325306 | C14: 阮春英 | D14: 女 | E14: 51 | F14: 未查 | G14: 6.9 | H14: 15 | I14: 10 | J14: c13 | L14: ctrl13
A15: 25 | B15: 20363121 | C15: 闫慧子 | D15: 女 | E15: 33 | F15: 未查 | G15: 2.6 | H15: 11 | I15: 7 | J15: c14 | L15: ctrl14
A16: 26 | B16: 20325281 | C16: 林雪芬 | D16: 女 | E16: 40 | F16: 未查 | G16: 2.1 | H16: 23 | I16: 21 | J16: c15 | L16: ctrl15
A17: 28 | B17: 20282447 | C17: 黄冰群 | D17: 女 | E17: 49 | F17: 未查 | G17: 5.8 | H17: 32 | I17: 34 | J17: c16 | L17: ctrl16
A18: 30 | B18: 20324270 | C18: 雷艳铃 | D18: 女 | E18: 45 | F18: 未查 | J18: c17 | L18: ctrl17
A19: 31 | B19: 20874444 | C19: 任少凡 | D19: 女 | E19: 28 | F19: 未查 | G19: 1.3 | H19: 16 | I19: 11 | J19: c18 | L19: ctrl18
A20: 35 | B20: 20374549 | C20: 马玉静 | D20: 女 | E20: 28 | F20: 未查 | G20: 3 | H20: 21 | I20: 17 | J20: c19 | L20: ctrl19
A21: 36 | B21: 20374302 | C21: 虎陈霞 | D21: 女 | E21: 41 | F21: 未查 | G21: 2 | H21: 22 | I21: 18 | J21: c20 | L21: ctrl20
A22: 38 | B22: 20374624 | C22: 曹吉莉 | D22: 女 | E22: 32 | F22: 未查 | I22: 15 | J22: c21 | L22: ctrl21
A23: 40 | B23: 20365111 | C23: 李致颖 | D23: 女 | E23: 29 | F23: 未查 | G23: 2.5 | H23: 14 | I23: 11 | J23: c22 | L23: ctrl22
A24: 46 | B24: 20375483 | C24: 王玉婷 | D24: 女 | E24: 22 | F24: 未查 | H24: 12 | I24: 8 | J24: c23 | L24: ctrl23
A25: 49 | B25: 20379600 | C25: 徐晖 | D25: 女 | E25: 51 | F25: 未查 | G25: 1.5 | H25: 23 | I25: 19 | J25: c24 | L25: ctrl24
A26: 50 | B26: 20325685 | C26: 许芳 | D26: 女 | E26: 32 | F26: 未查 | G26: 1 | H26: 21 | I26: 15 | J26: c25 | L26: ctrl25
A27: 62 | B27: 20325884 | C27: 王水莲 | D27: 女 | E27: 48 | F27: 未查 | G27: 2.9 | H27: 16 | I27: 9 | J27: c26 | L27: ctrl26
A28: 65 | B28: 20380122 | C28: 刘康琪 | D28: 女 | E28: 23 | F28: 未查 | H28: 19 | I28: 12 | J28: c28 | L28: ctrl27
A29: 68 | B29: 20325470 | C29: 杨云飞 | D29: 女 | E29: 32 | F29: 未查 | G29: 6 | H29: 16 | I29: 9 | J29: c29 | L29: ctrl28
A30: 69 | B30: 20366409 | C30: 陈乃湘 | D30: 女 | E30: 81 | F30: 未查 | G30: 3 | H30: 29 | I30: 18 | J30: c30 | L30: ctrl29
A31: 73 | B31: 20286696 | C31: 张冉 | D31: 女 | E31: 32 | F31: 未查 | G31: 4 | J31: c31 | L31: ctrl30
A32: 74 | B32: 20366022 | C32: 陈善晓 | D32: 女 | E32: 45 | F32: 未查 | G32: 1.4 | H32: 18 | I32: 12 | J32: c32 | L32: ctrl31
A33: 79 | B33: 20379952 | C33: 杨梦姣 | D33: 女 | E33: 28 | F33: 未查 | G33: 1.4 | H33: 18 | I33: 13 | J33: c33 | L33: ctrl32
A34: 80 | B34: 20324994 | C34: 彭亚丽 | D34: 女 | E34: 51 | F34: 未查 | G34: 3 | H34: 27 | I34: 28 | J34: c34 | L34: ctrl33
A35: 81 | B35: 20325506 | C35: 朱雅萍 | D35: 女 | E35: 43 | F35: 未查 | G35: 2.2 | H35: 31 | I35: 51 | J35: c35 | L35: ctrl34
A36: 82 | B36: 20366043 | C36: 朱晓晖 | D36: 女 | E36: 57 | F36: 未查 | G36: 2.4 | H36: 23 | I36: 20 | J36: c36 | L36: ctrl35
A37: 83 | B37: 20379731 | C37: 梁倩艳 | D37: 女 | E37: 37 | F37: 未查 | G37: 3.9 | H37: 19 | I37: 16 | J37: c37 | L37: ctrl36
A38: 84 | B38: 20325655 | C38: 陈红叶 | D38: 女 | E38: 45 | F38: 未查 | G38: 3 | H38: 18 | I38: 12 | J38: c38 | L38: ctrl37
A39: 85 | B39: 20379677 | C39: 江悦 | D39: 女 | E39: 29 | F39: 未查 | G39: 1.3 | H39: 18 | I39: 12 | J39: c39 | L39: ctrl38
A40: 86 | B40: 20376082 | C40: 高燕铭 | D40: 女 | E40: 30 | F40: 未查 | G40: 4.3 | H40: 18 | I40: 11 | J40: c40 | L40: ctrl39
A41: 87 | B41: 20286991 | C41: 宋艳芳 | D41: 女 | E41: 38 | F41: 未查 | G41: 1.6 | J41: c41 | L41: ctrl40
A42: 88 | B42: 20380195 | C42: 包丽平 | D42: 女 | E42: 29 | F42: 未查 | H42: 31 | I42: 22 | J42: c42 | L42: ctrl41
A43: 89 | B43: 20286997 | C43: 贾后丽 | D43: 女 | E43: 40 | F43: 未查 | G43: 3 | J43: c43 | L43: ctrl42
A44: 90 | B44: 20325452 | C44: 黄燕 | D44: 女 | E44: 52 | F44: 未查 | G44: 3.2 | H44: 17 | I44: 20 | J44: c44 | L44: ctrl43
A45: 91 | B45: 20325515 | C45: 徐珊 | D45: 女 | E45: 44 | F45: 未查 | G45: 1.5 | H45: 26 | I45: 26 | J45: c45 | L45: ctrl44
A46: 96 | B46: 20324315 | C46: 童素娟 | D46: 女 | E46: 39 | F46: 未查 | G46: 2.7 | H46: 21 | I46: 23 | J46: c46 | L46: ctrl45
A47: 97 | B47: 20379796 | C47: 王珊 | D47: 女 | E47: 39 | F47: 未查 | G47: 3 | H47: 20 | I47: 28 | J47: c47 | L47: ctrl46
A48: 100 | B48: 20379939 | C48: 武秀梅 | D48: 女 | E48: 43 | F48: 未查 | G48: 3.8 | H48: 15 | I48: 13 | J48: c48 | L48: ctrl47
A49: 103 | B49: 20379911 | C49: 李婷 | D49: 女 | E49: 25 | F49: 未查 | G49: 1.5 | H49: 13 | I49: 8 | J49: c49 | L49: ctrl48
A50: 104 | B50: 20324289 | C50: 沈红芳 | D50: 女 | E50: 47 | F50: 未查 | G50: 2.3 | H50: 20 | I50: 16 | J50: c50 | L50: ctrl49
A51: 105 | B51: 20325380 | C51: 黄丰平 | D51: 女 | E51: 66 | F51: 未查 | G51: 2.1 | H51: 28 | I51: 42 | J51: c51 | L51: ctrl50
A52: 107 | B52: 20279903 | C52: 祝雯雯 | D52: 女 | E52: 38 | F52: 未查 | G52: 2.6 | H52: 19 | I52: 10 | J52: c52 | L52: ctrl51
A53: 108 | B53: 20379484 | C53: 顾玉兰 | D53: 女 | E53: 66 | F53: 未查 | G53: 2.6 | H53: 38 | I53: 26 | J53: c53 | L53: ctrl52
A54: 109 | B54: 20365176 | C54: 计玲盈 | D54: 女 | E54: 29 | F54: 未查 | G54: 1.3 | H54: 17 | I54: 10 | J54: c54 | L54: ctrl53
A55: 110 | B55: 20366082 | C55: 周文婷 | D55: 女 | E55: 38 | F55: 未查 | G55: 4.7 | H55: 24 | I55: 20 | J55: c55 | L55: ctrl54
... A60: 115 | B60: 20379566 | C60: 朱泓 | D60: 女 | E60: 57 | F60: 未查 | G60: 4.7 | H60: 29 | I60: 26 | J60: c60 | L60: ctrl59
A61: 117 | B61: 20360498 | C61: 柯玉萍 | D61: 女 | E61: 39 | F61: 未查 | G61: 2 | H61: 18 | I61: 18 | K61: c67 | L61: ctrl60
A62: 118 | B62: 20325590 | C62: 王宇虹 | D62: 女 | E62: 46 | F62: 未查 | G62: 4.2 | H62: 20 | I62: 12 | K62: c68 | L62: ctrl61
A63: 119 | B63: 20325724 | C63: 周玉芹 | D63: 女 | E63: 29 | F63: 未查 | G63: 2.1 | H63: 22 | I63: 13 | K63: c69 | L63: ctrl62
A64: 120 | B64: 20379577 | C64: 卢小年 | D64: 女 | E64: 46 | F64: 未查 | G64: 3.7 | H64: 20 | I64: 13 | K64: c70 | L64: ctrl63
A65: 154 | B65: 20400590 | C65: 刘甜甜 | D65: 女 | E65: 27 | F65: 未查 | H65: 22 | I65: 12 | K65: c88 | L65: ctrl64
A66: 157 | B66: 20400573 | C66: 葛梦蓓 | D66: 女 | E66: 22 | F66: 未查 | H66: 23 | I66: 28 | K66: c89 | L66: ctrl65
A67: 183 | B67: 20541372 | C67: 李晓琴 | D67: 女 | E67: 45 | F67: 未查 | G67: 1.9 | H67: 21 | I67: 19 | K67: c61 | L67: ctrl66
A68: 185 | B68: 20624759 | C68: 姚君 | D68: 女 | E68: 48 | F68: 未查 | G68: 3 | H68: 16 | I68: 16 | K68: c63 | L68: ctrl67
A69: 186 | B69: 20541397 | C69: 查巧珍 | D69: 女 | E69: 45 | F69: 未查 | G69: 1.8 | H69: 21 | I69: 9 | K69: c64 | L69: ctrl68
A70: 197 | B70: 20604666 | C70: 覃利和 | D70: 女 | E70: 46 | F70: 未查 | G70: 3 | H70: 24 | I70: 25 | K70: c27 | L70: ctrl69
A71: 165 | B71: 20405812 | C71: 张烨烨 | D71: 女 | E71: 27 | F71: 未查 | H71: 9 | K71: c92 | L71: ctrl70

Sheet all
A1: sampleIm | B1: Age | C1: type | D1: 编号 | E1: batchIm | H1: sampleIm | I1: Age | J1: type | K1: 编号 | L1: batchIm
A2: ov1 | B2: 64 | C2: a | D2: B51 | E2: =VLOOKUP(A2,[1]batch_mesign!$J$1:$L$315,2,0) -> #N/A | H2: cys117 | I2: 24 | J2: cys | K2: a4 | L2: b1-1
A3: ov2 | B3: 71 | C3: a | D3: B2 | E3: =VLOOKUP(A3,batch_design!$J$1:$L$315,2,0) -> 71 | H3: ov103 | I3: 60 | J3: a | K3: B142 | L3: b1-2
A4: ov3 | B4: 56 | C4: a | D4: B12 | E4: =VLOOKUP(A4,batch_design!$J$1:$L$315,2,0) -> 56 | H4: ov98 | I4: 71 | J4: a | K4: B137 | L4: b1-3
A5: ov4 | B5: 49 | C5: a | D5: B3 | E5: =VLOOKUP(A5,batch_design!$J$1:$L$315,2,0) -> 49 | H5: ov11 | I5: 50 | J5: a | K5: B18 | L5: b1-4
A6: ov5 | B6: 18 | C6: g | D6: B5 | E6: =VLOOKUP(A6,batch_design!$J$1:$L$315,2,0) -> #N/A | H6: cys60 | I6: 36 | J6: cys | K6: a104 | L6: b1-5
A7: ov6 | B7: 48 | C7: m | D7: P6 | E7: =VLOOKUP(A7,batch_design!$J$1:$L$315,2,0) -> 48 | H7: cys106 | I7: 26 | J7: cys | K7: a109 | L7: b1-6
A8: ov7 | B8: 66 | C8: a | D8: P7 | E8: =VLOOKUP(A8,batch_design!$J$1:$L$315,2,0) -> 66 | H8: ov59 | I8: 41 | J8: m | K8: B80 | L8: b1-7
A9: ov8 | B9: 56 | C9: a | D9: B8 | E9: =VLOOKUP(A9,batch_design!$J$1:$L$315,2,0) -> 56 | H9: ov75 | I9: 51 | J9: b | K9: B105 | L9: b1-8
A10: ov9 | B10: 53 | C10: f | D10: B7 | E10: =VLOOKUP(A10,batch_design!$J$1:$L$315,2,0) -> 53 | H10: cys28 | I10: 45 | J10: cys | K10: a81 | L10: b1-9
A11: ov10 | B11: 50 | C11: a | D11: B15 | E11: =VLOOKUP(A11,batch_design!$J$1:$L$315,2,0) -> 50 | H11: cys69 | I11: 47 | J11: cys | K11: a145 | L11: b1-10
A12: ov11 | B12: 50 | C12: a | D12: B18 | E12: =VLOOKUP(A12,batch_design!$J$1:$L$315,2,0) -> 50 | H12: ctrl59 | I12: 57 | J12: ctrl | K12: c60 | L12: b1-11
A13: ov12 | B13: 61 | C13: a | D13: B20 | E13: =VLOOKUP(A13,batch_design!$J$1:$L$315,2,0) -> 61 | H13: cys64 | I13: 23 | J13: cys | K13: a135 | L13: b1-12
A14: ov13 | B14: 45 | C14: a | D14: B55 | E14: =VLOOKUP(A14,batch_design!$J$1:$L$315,2,0) -> 45 | H14: ctrl63 | I14: 46 | J14: ctrl | K14: c70 | L14: b1-13
... A315: ctrl70 | B315: 27 | C315: ctrl | D315: c92 | E315: =VLOOKUP(A315,batch_design!$J$1:$L$315,2,0) -> 27 | H315: ov69 | I315: 63 | J315: a | K315: B91 | L315: b23-13

Sheet batch_design
A1: sampleID | B1: Age | C1: type | D1: batch | E1: batchId | J1: sampleID | K1: Age | L1: batchId
A2: cys117 | B2: 24 | C2: cys | D2: 1 | E2: 1-1 | J2: cys117 | K2: 24 | L2: b1-1
A3: ov103 | B3: 60 | C3: a | D3: 1 | E3: 1-2 | J3: ov103 | K3: 60 | L3: b1-2 | M3: 溶血 | N3: b23-1
A4: ov98 | B4: 71 | C4: a | D4: 1 | E4: 1-3 | J4: ov98 | K4: 71 | L4: b1-3 | M4: 溶血 | N4: b23-2
A5: ov11 | B5: 50 | C5: a | D5: 1 | E5: 1-4 | J5: ov11 | K5: 50 | L5: b1-4
A6: cys60 | B6: 36 | C6: cys | D6: 1 | E6: 1-5 | J6: cys60 | K6: 36 | L6: b1-5
A7: cys106 | B7: 26 | C7: cys | D7: 1 | E7: 1-6 | J7: cys106 | K7: 26 | L7: b1-6
A8: ov59 | B8: 41 | C8: d | D8: 1 | E8: 1-7 | J8: ov59 | K8: 41 | L8: b1-7
A9: ov75 | B9: 51 | C9: b | D9: 1 | E9: 1-8 | J9: ov75 | K9: 51 | L9: b1-8
A10: cys28 | B10: 45 | C10: cys | D10: 1 | E10: 1-9 | J10: cys28 | K10: 45 | L10: b1-9
A11: cys69 | B11: 47 | C11: cys | D11: 1 | E11: 1-10 | J11: cys69 | K11: 47 | L11: b1-10
A12: ctrl59 | B12: 57 | C12: ctrl | D12: 1 | E12: 1-11 | J12: ctrl59 | K12: 57 | L12: b1-11
A13: cys64 | B13: 23 | C13: cys | D13: 1 | E13: 1-12 | J13: cys64 | K13: 23 | L13: b1-12
A14: ctrl63 | B14: 46 | C14: ctrl | D14: 1 | E14: 1-13 | J14: ctrl63 | K14: 46 | L14: b1-13
D15: 1 | E15: 1-14 | F15: bio-rep | N15: b23-5
A16: cys122 | B16: 30 | C16: cys | D16: 2 | E16: 2-1 | J16: cys122 | K16: 30 | L16: b2-1
A17: ctrl1 | B17: 43 | C17: ctrl | D17: 2 | E17: 2-2 | J17: ctrl1 | K17: 43 | L17: b2-2
A18: cys1 | B18: 57 | C18: cys | D18: 2 | E18: 2-3 | J18: cys1 | K18: 57 | L18: b2-3
A19: ctrl14 | B19: 33 | C19: ctrl | D19: 2 | E19: 2-4 | J19: ctrl14 | K19: 33 | L19: b2-4
A20: cys100 | B20: 27 | C20: cys | D20: 2 | E20: 2-5 | J20: cys100 | K20: 27 | L20: b2-5
A21: cys56 | B21: 46 | C21: cys | D21: 2 | E21: 2-6 | J21: cys56 | K21: 46 | L21: b2-6
A22: ctrl23 | B22: 22 | C22: ctrl | D22: 2 | E22: 2-7 | J22: ctrl23 | K22: 22 | L22: b2-7
A23: ctrl69 | B23: 46 | C23: ctrl | D23: 2 | E23: 2-8 | J23: ctrl69 | K23: 46 | L23: b2-8
A24: ov53 | B24: 40 | C24: j | D24: 2 | E24: 2-9 | J24: ov53 | K24: 40 | L24: b2-9
A25: cys8 | B25: 63 | C25: cys | D25: 2 | E25: 2-10 | J25: cys8 | K25: 63 | L25: b2-10
A26: ov48 | B26: 68 | C26: a | D26: 2 | E26: 2-11 | J26: ov48 | K26: 68 | L26: b2-11
A27: ctrl42 | B27: 40 | C27: ctrl | D27: 2 | E27: 2-12 | J27: ctrl42 | K27: 40 | L27: b2-12
... A35: cys13 | B35: 27 | C35: cys | D35: 3 | E35: 3-6 | J35: cys13 | K35: 27 | L35: b3-6
A36: ov71 | B36: 50 | C36: a | D36: 3 | E36: 3-7 | J36: ov71 | K36: 50 | L36: b3-7 | M36: 缺
A37: cys11 | B37: 33 | C37: cys | D37: 3 | E37: 3-8 | J37: cys11 | K37: 33 | L37: b3-8
A38: cys91 | B38: 37 | C38: cys | D38: 3 | E38: 3-9 | J38: cys91 | K38: 37 | L38: b3-9
A39: ov70 | B39: 31 | C39: c | D39: 3 | E39: 3-10 | J39: ov70 | K39: 31 | L39: b3-10 | M39: 溶血
A40: ov22 | B40: 51 | C40: a | D40: 3 | E40: 3-11 | J40: ov22 | K40: 51 | L40: b3-11
A41: cys88 | B41: 20 | C41: cys | D41: 3 | E41: 3-12 | J41: cys88 | K41: 20 | L41: b3-12
A42: ov104 | B42: 56 | C42: b | D42: 3 | E42: 3-13 | J42: ov104 | K42: 56 | L42: b3-13
E43: 3-14 | F43: bio-rep | N43: 23-6
A44: cys18 | B44: 44 | C44: cys | D44: 4 | E44: 4-1 | J44: cys18 | K44: 44 | L44: b4-1
A45: cys37 | B45: 33 | C45: cys | D45: 4 | E45: 4-2 | J45: cys37 | K45: 33 | L45: b4-2
A46: cys74 | B46: 31 | C46: cys | D46: 4 | E46: 4-3 | J46: cys74 | K46: 31 | L46: b4-3
A47: cys83 | B47: 41 | C47: cys | D47: 4 | E47: 4-4 | J47: cys83 | K47: 41 | L47: b4-4
A48: ov3 | B48: 56 | C48: a | D48: 4 | E48: 4-5 | J48: ov3 | K48: 56 | L48: b4-5
A49: ov38 | B49: 51 | C49: a | D49: 4 | E49: 4-6 | J49: ov38 | K49: 51 | L49: b4-6
A50: cys67 | B50: 33 | C50: cys | D50: 4 | E50: 4-7 | J50: cys67 | K50: 33 | L50: b4-7
A51: ov60 | B51: 65 | C51: a | D51: 4 | E51: 4-8 | J51: ov60 | K51: 65 | L51: b4-8
A52: ov109 | B52: 64 | C52: a | D52: 4 | E52: 4-9 | J52: ov109 | K52: 64 | L52: b4-9
A53: ctrl68 | B53: 45 | C53: ctrl | D53: 4 | E53: 4-10 | J53: ctrl68 | K53: 45 | L53: b4-10
A54: cys85 | B54: 42 | C54: cys | D54: 4 | E54: 4-11 | J54: cys85 | K54: 42 | L54: b4-11
A55: ov34 | B55: 25 | C55: i | D55: 4 | E55: 4-12 | J55: ov34 | K55: 25 | L55: b4-12
... A98: ov62 | B98: 54 | C98: a | D98: 7 | E98: 7-13 | J98: ov62 | K98: 54 | L98: b7-13
E99: 7-14 | F99: bio-rep
A100: cys54 | B100: 26 | C100: cys | D100: 8 | E100: 8-1 | J100: cys54 | K100: 26 | L100: b8-1
A101: ctrl6 | B101: 34 | C101: ctrl | D101: 8 | E101: 8-2 | J101: ctrl6 | K101: 34 | L101: b8-2
A102: cys80 | B102: 28 | C102: cys | D102: 8 | E102: 8-3 | J102: cys80 | K102: 28 | L102: b8-3
A103: cys20 | B103: 27 | C103: cys | D103: 8 | E103: 8-4 | J103: cys20 | K103: 27 | L103: b8-4
A104: ctrl43 | B104: 52 | C104: ctrl | D104: 8 | E104: 8-5 | J104: ctrl43 | K104: 52 | L104: b8-5
A105: ov31 | B105: 40 | C105: d | D105: 8 | E105: 8-6 | J105: ov31 | K105: 40 | L105: b8-6
A106: ctrl51 | B106: 38 | C106: ctrl | D106: 8 | E106: 8-7 | J106: ctrl51 | K106: 38 | L106: b8-7
A107: ctrl65 | B107: 22 | C107: ctrl | D107: 8 | E107: 8-8 | J107: ctrl65 | K107: 22 | L107: b8-8
A108: ov39 | B108: 63 | C108: h | D108: 8 | E108: 8-9 | J108: ov39 | K108: 63 | L108: b8-9
A109: cys45 | B109: 40 | C109: cys | D109: 8 | E109: 8-10 | J109: cys45 | K109: 40 | L109: b8-10
A110: ov95 | B110: 50 | C110: a | D110: 8 | E110: 8-11 | J110: ov95 | K110: 50 | L110: b8-11
A111: ov2 | B111: 71 | C111: a | D111: 8 | E111: 8-12 | J111: ov2 | K111: 71 | L111: b8-12
A112: cys73 | B112: 38 | C112: cys | D112: 8 | E112: 8-13 | J112: cys73 | K112: 38 | L112: b8-13
E113: 8-14 | F113: bio-rep
A114: cys115 | B114: 32 | C114: cys | D114: 9 | E114: 9-1 | J114: cys115 | K114: 32 | L114: b9-1
A115: ov52 | B115: 42 | C115: f | D115: 9 | E115: 9-2 | J115: ov52 | K115: 42 | L115: b9-2
A116: ctrl3 | B116: 22 | C116: ctrl | D116: 9 | E116: 9-3 | J116: ctrl3 | K116: 22 | L116: b9-3
A117: ov14 | B117: 50 | C117: d | D117: 9 | E117: 9-4 | J117: ov14 | K117: 50 | L117: b9-4
A118: ctrl34 | B118: 43 | C118: ctrl | D118: 9 | E118: 9-5 | J118: ctrl34 | K118: 43 | L118: b9-5
A119: cys39 | B119: 24 | C119: cys | D119: 9 | E119: 9-6 | J119: cys39 | K119: 24 | L119: b9-6
A120: cys26 | B120: 42 | C120: cys | D120: 9 | E120: 9-7 | J120: cys26 | K120: 42 | L120: b9-7
A121: cys62 | B121: 26 | C121: cys | D121: 9 | E121: 9-8 | J121: cys62 | K121: 26 | L121: b9-8
A122: ctrl53 | B122: 29 | C122: ctrl | D122: 9 | E122: 9-9 | J122: ctrl53 | K122: 29 | L122: b9-9
A123: ov92 | B123: 67 | C123: a | D123: 9 | E123: 9-10 | J123: ov92 | K123: 67 | L123: b9-10
A124: ov102 | B124: 73 | C124: a | D124: 9 | E124: 9-11 | J124: ov102 | K124: 73 | L124: b9-11
A125: ctrl60 | B125: 39 | C125: ctrl | D125: 9 | E125: 9-12 | J125: ctrl60 | K125: 39 | L125: b9-12
... A142: cys119 | B142: 23 | C142: cys | D142: 11 | E142: 11-1 | J142: cys119 | K142: 23 | L142: b11-1
A143: cys5 | B143: 77 | C143: cys | D143: 11 | E143: 11-2 | J143: cys5 | K143: 77 | L143: b11-2 | M143: 缺
A144: ctrl36 | B144: 37 | C144: ctrl | D144: 11 | E144: 11-3 | J144: ctrl36 | K144: 37 | L144: b11-3
A145: ctrl35 | B145: 57 | C145: ctrl | D145: 11 | E145: 11-4 | J145: ctrl35 | K145: 57 | L145: b11-4
A146: ov91 | B146: 55 | C146: f | D146: 11 | E146: 11-5 | J146: ov91 | K146: 55 | L146: b11-5
A147: cys29 | B147: 22 | C147: cys | D147: 11 | E147: 11-6 | J147: cys29 | K147: 22 | L147: b11-6
A148: ov82 | B148: 48 | C148: a | D148: 11 | E148: 11-7 | J148: ov82 | K148: 48 | L148: b11-7
A149: cys51 | B149: 34 | C149: cys | D149: 11 | E149: 11-8 | J149: cys51 | K149: 34 | L149: b11-8
A150: ov55 | B150: 47 | C150: d | D150: 11 | E150: 11-9 | J150: ov55 | K150: 47 | L150: b11-9
A151: ov100 | B151: 52 | C151: a | D151: 11 | E151: 11-10 | J151: ov100 | K151: 52 | L151: b11-10
A152: ctrl26 | B152: 48 | C152: ctrl | D152: 11 | E152: 11-11 | J152: ctrl26 | K152: 48 | L152: b11-11
A153: ctrl48 | B153: 25 | C153: ctrl | D153: 11 | E153: 11-12 | J153: ctrl48 | K153: 25 | L153: b11-12
A154: cys31 | B154: 46 | C154: cys | D154: 11 | E154: 11-13 | J154: cys31 | K154: 46 | L154: b11-13
A155: ov80 | B155: 59 | C155: a | D155: 11 | E155: 11-14 | J155: ov80 | K155: 59 | L155: b11-14
... A161: cys7 | B161: 40 | C161: cys | D161: 12 | E161: 12-6 | J161: cys7 | K161: 40 | L161: b12-6
A162: ov114 | B162: 60 | C162: a | D162: 12 | E162: 12-7 | J162: ov114 | K162: 60 | L162: b12-7 | M162: 溶血 | N162: b23-3
A163: ov79 | B163: 41 | C163: a | D163: 12 | E163: 12-8 | J163: ov79 | K163: 41 | L163: b12-8
A164: ov42 | B164: 50 | C164: d | D164: 12 | E164: 12-9 | J164: ov42 | K164: 50 | L164: b12-9
A165: ov90 | B165: 57 | C165: k | D165: 12 | E165: 12-10 | J165: ov90 | K165: 57 | L165: b12-10
A166: cys90 | B166: 20 | C166: cys | D166: 12 | E166: 12-11 | J166: cys90 | K166: 20 | L166: b12-11
A167: ov24 | B167: 69 | C167: a | D167: 12 | E167: 12-12 | J167: ov24 | K167: 69 | L167: b12-12 | M167: 溶血 | N167: b23-7
A168: ov32 | B168: 25 | C168: d | D168: 12 | E168: 12-13 | J168: ov32 | K168: 25 | L168: b12-13
A169: ctrl31 | B169: 45 | C169: ctrl | D169: 12 | E169: 12-14 | J169: ctrl31 | K169: 45 | L169: b12-14
A170: ctrl62 | B170: 29 | C170: ctrl | D170: 13 | E170: 13-1 | J170: ctrl62 | K170: 29 | L170: b13-1
...

Sheet 机器学习
A1: sampleID | B1: Age | C1: type | D1: batch | E1: batchId | J1: sampleIm | K1: Age | L1: batchId | O1: is_tech
A2: ctrl1 | B2: 43 | C2: ctrl | D2: 2 | E2: 2-2 | J2: ctrl1 | K2: 43 | L2: b2-2
A3: ctrl10 | B3: 23 | C3: ctrl | D3: 15 | E3: 15-4 | J3: ctrl10 | K3: 23 | L3: b15-4
A4: ctrl11 | B4: 25 | C4: ctrl | D4: 7 | E4: 7-10 | J4: ctrl11 | K4: 25 | L4: b7-10
A5: ctrl12 | B5: 31 | C5: ctrl | D5: 13 | E5: 13-4 | J5: ctrl12 | K5: 31 | L5: b13-4
A6: ctrl13 | B6: 51 | C6: ctrl | D6: 20 | E6: 20-13 | J6: ctrl13 | K6: 51 | L6: b20-13
A7: ctrl14 | B7: 33 | C7: ctrl | D7: 2 | E7: 2-4 | J7: ctrl14 | K7: 33 | L7: b2-4
A8: ctrl15 | B8: 40 | C8: ctrl | D8: 18 | E8: 18-11 | J8: ctrl15 | K8: 40 | L8: b18-11
A9: ctrl16 | B9: 49 | C9: ctrl | D9: 14 | E9: 14-7 | J9: ctrl16 | K9: 49 | L9: b14-7
A10: ctrl17 | B10: 45 | C10: ctrl | D10: 20 | E10: 20-9 | J10: ctrl17 | K10: 45 | L10: b20-9
A11: ctrl18 | B11: 28 | C11: ctrl | D11: 18 | E11: 18-4 | J11: ctrl18 | K11: 28 | L11: b18-4
A12: ctrl19 | B12: 28 | C12: ctrl | D12: 5 | E12: 5-9 | J12: ctrl19 | K12: 28 | L12: b5-9
A13: ctrl2 | B13: 27 | C13: ctrl | D13: 14 | E13: 14-2 | J13: ctrl2 | K13: 27 | L13: b14-2
... A28: ctrl33 | B28: 51 | C28: ctrl | D28: 16 | E28: 16-6 | J28: ctrl33 | K28: 51 | L28: b16-6
A29: ctrl33 | B29: 51 | C29: ctrl | D29: 16 | E29: 16-14 | J29: ctrl33 | K29: 51 | L29: b16-14 | M29: B16-6techrep | O29: 1
A30: ctrl34 | B30: 43 | C30: ctrl | D30: 9 | E30: 9-5 | J30: ctrl34 | K30: 43 | L30: b9-5
A31: ctrl35 | B31: 57 | C31: ctrl | D31: 11 | E31: 11-4 | J31: ctrl35 | K31: 57 | L31: b11-4
A32: ctrl36 | B32: 37 | C32: ctrl | D32: 11 | E32: 11-3 | J32: ctrl36 | K32: 37 | L32: b11-2
A33: ctrl37 | B33: 45 | C33: ctrl | D33: 22 | E33: 22-10 | J33: ctrl37 | K33: 45 | L33: b22-10
A34: ctrl38 | B34: 29 | C34: ctrl | D34: 17 | E34: 17-10 | J34: ctrl38 | K34: 29 | L34: b17-10
A35: ctrl39 | B35: 30 | C35: ctrl | D35: 5 | E35: 5-13 | J35: ctrl39 | K35: 30 | L35: b5-13
A36: ctrl4 | B36: 42 | C36: ctrl | D36: 21 | E36: 21-6 | J36: ctrl4 | K36: 42 | L36: b21-6
A37: ctrl40 | B37: 38 | C37: ctrl | D37: 1 | E37: 1-14 | J37: ctrl40 | K37: 38 | L37: b1-14
A38: ctrl41 | B38: 29 | C38: ctrl | D38: 3 | E38: 3-14 | J38: ctrl41 | K38: 29 | L38: b3-14
A39: ctrl42 | B39: 40 | C39: ctrl | D39: 2 | E39: 2-12 | J39: ctrl42 | K39: 40 | L39: b2-12
A40: ctrl43 | B40: 52 | C40: ctrl | D40: 8 | E40: 8-5 | J40: ctrl43 | K40: 52 | L40: b8-5
A41: ctrl44 | B41: 44 | C41: ctrl | D41: 19 | E41: 19-4 | J41: ctrl44 | K41: 44 | L41: b19-4
... A306: ov99 | B306: 51 | C306: a | D306: 10 | E306: 10-3 | J306: ov99 | K306: 51 | L306: b10-3
A307: ov64 | C307: c | E307: 7-14 | J307: ov64 | K307: 61 | L307: b7-14 | M307: b7-7techrep | O307: 1
A308: cys61 | C308: cys | J308: cys61 | K308: 47 | L308: b12-15 | M308: B12-1techrep | O308: 1
